,Age,Gender,Sleep,Stress,Exercise,Social_interaction,Health Category
0,23,Female,6.0,6.0,3.0,4.0,Good
1,23,Male,7.0,7.0,1.0,3.0,Poor
2,20,Female,6.0,1.0,0.0,4.0,Poor
3,20,Male,3.0,7.0,3.0,4.0,Poor
4,23,Female,6.0,8.0,0.0,3.0,Poor
5,25,Male,6.0,6.0,2.0,4.0,Good
6,25,Male,10.0,7.0,0.0,2.0,Fair
7,24,Female,7.0,5.0,2.0,2.0,Fair
8,25,Male,7.0,5.0,1.0,2.0,Fair
9,28,Male,6.5,6.0,1.0,3.0,Poor
10,28,Male,7.0,5.0,3.0,4.0,Good
11,26,Male,6.0,6.0,1.0,3.0,Poor
12,28,Female,6.0,4.0,1.0,4.0,Poor
13,28,Male,6.0,5.0,1.0,2.0,Fair
14,22,Male,6.0,8.0,1.0,3.0,Poor
15,24,Male,4.0,8.0,2.0,2.0,Fair
16,23,Male,6.0,6.0,0.0,2.0,Fair
17,23,Male,7.0,5.0,1.0,4.0,Poor
18,26,Male,6.0,4.0,2.0,4.0,Good
19,24,Male,7.0,6.0,1.0,2.0,Fair
20,24,Male,6.0,2.0,1.0,3.0,Poor
21,21,Male,6.0,4.0,1.0,3.0,Poor
22,27,Male,5.5,5.0,2.0,3.0,Poor
23,28,Female,5.0,6.0,0.0,3.0,Poor
24,23,Male,6.0,8.0,1.0,3.0,Poor
25,23,Female,7.0,7.0,2.0,4.0,Good
26,23,Female,6.0,5.0,0.0,4.0,Poor
27,25,Male,6.0,4.0,3.0,3.0,Good
28,25,Male,6.0,7.0,2.0,3.0,Good
29,24,Male,8.0,3.0,0.0,2.0,Fair
30,25,Male,6.0,3.0,3.0,4.0,Good
31,25,Male,5.0,8.0,0.0,2.0,Poor
32,25,Male,6.0,9.0,3.0,2.0,Fair
33,25,Male,6.0,5.0,1.0,2.0,Fair
34,25,Male,6.0,5.0,2.0,4.0,Good
35,25,Male,6.0,9.0,0.0,4.0,Poor
37,25,Male,5.0,8.0,0.0,3.0,Poor
38,24,Female,6.0,5.0,2.0,2.0,Fair
39,25,Male,6.5,4.0,3.0,1.0,Fair
40,27,Male,6.0,6.0,1.0,1.0,Fair
41,25,Male,6.0,9.0,2.0,3.0,Good
42,23,Male,5.0,7.0,1.0,3.0,Poor
43,25,Male,5.0,7.0,3.0,2.0,Poor
44,26,Male,6.0,7.0,1.0,1.0,Fair
46,23,Female,8.0,6.0,2.0,4.0,Good
47,28,Male,5.0,3.0,1.0,2.0,Fair
48,20,Other,8.0,2.0,0.0,3.0,Poor
49,21,Female,7.0,5.0,3.0,4.0,Good
50,19,Male,7.0,4.0,4.0,4.0,Good
51,30,Female,6.0,7.0,2.0,2.0,Fair
53,27,Other,7.0,8.0,1.0,1.0,Fair
54,24,Female,8.0,5.0,3.0,4.0,Good
55,26,Male,6.0,6.0,2.0,2.0,Fair
56,21,Female,6.0,4.0,3.0,4.0,Good
58,23,Other,6.0,7.0,1.0,1.0,Fair
59,20,Male,8.0,2.0,3.0,3.0,Good
60,24,Female,6.0,6.0,2.0,2.0,Fair
61,28,Male,7.0,4.0,3.0,3.0,Good
62,22,Female,8.0,3.0,4.0,4.0,Good
63,19,Other,6.0,8.0,0.0,2.0,Fair
64,27,Male,7.0,5.0,2.0,3.0,Good
66,22,Male,8.0,6.0,4.0,4.0,Good
67,30,Other,6.0,5.0,1.0,2.0,Fair
68,24,Male,7.0,3.0,3.0,3.0,Good
69,21,Female,5.0,7.0,2.0,2.0,Fair
70,28,Male,6.0,4.0,4.0,3.0,Good
72,26,Male,7.0,6.0,2.0,3.0,Good
73,20,Other,6.0,8.0,1.0,1.0,Fair
74,27,Female,8.0,3.0,3.0,4.0,Good
75,25,Male,7.0,5.0,4.0,4.0,Good
76,22,Female,5.0,7.0,2.0,3.0,Poor
77,30,Male,6.0,6.0,1.0,2.0,Fair
78,21,Other,8.0,4.0,3.0,4.0,Good
80,28,Female,5.0,5.0,2.0,2.0,Fair
81,22,Male,6.0,6.0,4.0,4.0,Good
82,23,Other,7.0,3.0,3.0,2.0,Fair
84,29,Male,6.0,4.0,3.0,3.0,Good
85,24,Male,7.0,5.0,3.0,3.0,Good
86,27,Female,8.0,4.0,1.0,2.0,Fair
87,21,Other,6.0,6.0,2.0,3.0,Good
88,26,Male,7.0,3.0,4.0,4.0,Good
90,28,Male,8.0,6.0,2.0,3.0,Good
91,23,Other,7.0,4.0,3.0,3.0,Good
93,19,Male,8.0,3.0,3.0,3.0,Good
94,24,Female,7.0,6.0,2.0,2.0,Fair
95,25,Male,6.0,4.0,3.0,4.0,Good
98,23,Male,6.0,5.0,1.0,3.0,Poor
99,29,Female,7.0,6.0,3.0,3.0,Good
100,21,Male,8.0,5.0,2.0,4.0,Good
101,30,Female,6.0,3.0,3.0,2.0,Fair
103,28,Female,5.0,6.0,2.0,2.0,Fair
104,26,Male,6.0,5.0,3.0,3.0,Good
105,25,Other,7.0,6.0,2.0,3.0,Good
106,30,Male,8.0,4.0,1.0,3.0,Poor
107,24,Female,6.0,3.0,4.0,4.0,Good
108,21,Male,7.0,4.0,3.0,3.0,Good
109,26,Female,8.0,3.0,2.0,3.0,Good
110,28,Male,5.0,7.0,1.0,1.0,Poor
111,27,Female,6.0,6.0,3.0,2.0,Fair
112,29,Male,7.0,5.0,4.0,4.0,Good
113,25,Other,6.0,4.0,2.0,3.0,Good
114,22,Female,8.0,5.0,3.0,4.0,Good
115,24,Male,7.0,4.0,4.0,4.0,Good
116,21,Female,6.0,3.0,2.0,3.0,Good
117,27,Male,5.0,7.0,1.0,2.0,Fair
119,23,Male,6.0,5.0,3.0,3.0,Good
120,29,Female,7.0,4.0,1.0,2.0,Fair
121,26,Male,6.0,4.0,3.0,3.0,Good
122,24,Female,8.0,6.0,3.0,4.0,Good
123,30,Male,7.0,5.0,4.0,4.0,Good
125,26,Male,7.0,4.0,1.0,2.0,Fair
126,27,Male,7.0,5.0,3.0,4.0,Good
128,28,Other,8.0,6.0,2.0,3.0,Good
129,25,Male,7.0,4.0,3.0,2.0,Fair
130,29,Female,6.0,5.0,2.0,3.0,Good
131,22,Male,5.0,6.0,1.0,2.0,Fair
132,30,Female,8.0,3.0,2.0,3.0,Good
133,23,Male,7.0,4.0,4.0,4.0,Good
134,24,Female,6.0,5.0,3.0,2.0,Fair
135,26,Male,7.0,3.0,2.0,3.0,Good
137,25,Male,7.0,6.0,3.0,2.0,Fair
138,27,Female,6.0,5.0,2.0,3.0,Good
139,29,Male,5.0,7.0,1.0,1.0,Poor
140,24,Female,6.0,4.0,3.0,3.0,Good
141,28,Male,7.0,5.0,2.0,4.0,Good
143,26,Male,8.0,4.0,4.0,4.0,Good
144,30,Female,7.0,5.0,1.0,2.0,Fair
145,23,Other,7.0,6.0,2.0,2.0,Fair
146,27,Male,7.0,4.0,3.0,3.0,Good
147,25,Female,6.0,3.0,2.0,4.0,Good
148,22,Male,8.0,5.0,3.0,3.0,Good
149,29,Female,7.0,4.0,2.0,2.0,Fair
150,30,Male,6.0,5.0,1.0,1.0,Fair
151,26,Female,5.0,7.0,2.0,3.0,Poor
153,24,Female,7.0,3.0,2.0,2.0,Fair
155,23,Female,6.0,5.0,2.0,2.0,Fair
156,30,Male,8.0,4.0,4.0,4.0,Good
157,26,Female,7.0,3.0,3.0,3.0,Good
158,24,Male,6.0,4.0,3.0,3.0,Good
159,28,Female,8.0,6.0,4.0,4.0,Good
161,23,Female,6.0,4.0,2.0,3.0,Good
162,25,Male,8.0,5.0,3.0,2.0,Fair
163,29,Female,6.0,3.0,4.0,4.0,Good
164,30,Male,7.0,4.0,2.0,3.0,Good
165,22,Female,5.0,6.0,1.0,2.0,Fair
168,45,Male,6.0,5.0,1.0,2.0,Fair
169,50,Female,8.0,3.0,3.0,4.0,Good
170,47,Male,6.0,6.0,2.0,2.0,Fair
171,52,Female,7.0,5.0,3.0,4.0,Good
172,48,Male,5.0,7.0,1.0,1.0,Poor
173,43,Female,7.0,4.0,3.0,4.0,Good
174,44,Male,6.0,5.0,2.0,3.0,Good
175,51,Female,8.0,3.0,1.0,3.0,Poor
176,49,Male,7.0,6.0,2.0,2.0,Fair
177,46,Female,6.0,4.0,3.0,4.0,Good
180,58,Male,8.0,4.0,3.0,4.0,Good
181,60,Female,7.0,5.0,2.0,3.0,Good
182,62,Male,6.0,7.0,1.0,1.0,Fair
185,63,Female,6.0,5.0,3.0,2.0,Fair
187,34,Female,7.0,5.0,3.0,4.0,Good
188,38,Male,6.5,7.0,2.0,3.0,Good
189,31,Other,8.0,3.0,4.0,4.0,Good
190,35,Female,5.5,8.0,1.0,2.0,Fair
191,37,Male,7.0,4.0,2.0,1.0,Fair
192,32,Female,7.5,6.0,3.0,3.0,Good
193,33,Male,6.0,5.0,1.0,1.0,Fair
194,36,Other,6.5,6.0,3.0,2.0,Fair
195,34,Female,8.0,2.0,4.0,4.0,Good
196,39,Male,5.0,9.0,0.0,0.0,Poor
197,38,Other,7.0,4.0,2.0,3.0,Good
198,31,Female,6.5,5.0,2.0,2.0,Fair
199,37,Male,7.5,6.0,3.0,3.0,Good
200,36,Female,5.0,8.0,0.0,1.0,Poor
201,32,Other,8.0,3.0,4.0,4.0,Good
202,33,Female,6.0,7.0,2.0,3.0,Good
203,35,Male,5.5,7.0,1.0,1.0,Poor
204,39,Female,7.0,5.0,2.0,2.0,Fair
205,34,Male,7.0,6.0,3.0,4.0,Good
206,31,Other,6.5,4.0,1.0,2.0,Fair
207,38,Female,5.5,8.0,1.0,1.0,Poor
208,37,Male,7.0,4.0,3.0,3.0,Good
209,32,Female,8.0,3.0,4.0,4.0,Good
210,35,Other,6.0,6.0,2.0,3.0,Good
211,33,Male,6.5,5.0,2.0,2.0,Fair
212,36,Female,5.0,9.0,0.0,1.0,Poor
213,39,Male,7.5,6.0,3.0,3.0,Good
214,34,Female,6.0,7.0,1.0,2.0,Fair
215,31,Male,8.0,3.0,4.0,4.0,Good
216,37,Female,6.5,5.0,2.0,1.0,Fair
217,38,Other,7.0,5.0,3.0,3.0,Good
218,33,Female,5.5,7.0,0.0,1.0,Poor
219,35,Male,6.0,6.0,3.0,2.0,Fair
220,36,Other,7.0,4.0,4.0,4.0,Good
221,32,Female,8.0,4.0,3.0,2.0,Fair
222,34,Male,6.5,5.0,1.0,3.0,Poor
223,31,Other,5.5,6.0,2.0,2.0,Fair
224,39,Female,7.0,6.0,3.0,3.0,Good
225,37,Male,6.0,5.0,2.0,3.0,Good
226,32,Female,7.0,4.0,4.0,4.0,Good
227,35,Other,6.5,8.0,0.0,0.0,Fair
228,38,Male,8.0,3.0,4.0,3.0,Good
229,33,Female,7.0,5.0,2.0,4.0,Good
230,27,Female,7.6,5.0,3.0,1.0,Fair
231,25,Female,7.2,6.0,0.0,3.0,Poor
232,26,Male,7.9,3.0,3.0,4.0,Good
233,25,Male,6.4,7.0,1.0,1.0,Fair
234,24,Male,7.9,4.0,3.0,4.0,Good
235,25,Female,5.0,7.0,0.0,3.0,Poor
236,26,Male,7.0,6.0,1.0,2.0,Fair
237,27,Female,6.5,5.0,1.0,3.0,Poor
238,26,Male,7.2,6.0,1.0,4.0,Poor
239,27,Female,7.4,8.0,2.0,4.0,Good
240,24,Female,7.2,5.0,0.0,4.0,Poor
241,25,Female,6.9,9.0,0.0,4.0,Poor
242,27,Female,5.6,6.0,2.0,3.0,Poor
243,24,Male,6.8,4.0,2.0,3.0,Good
244,25,Male,5.7,4.0,3.0,1.0,Poor
245,25,Female,7.2,6.0,2.0,3.0,Good
246,27,Male,5.1,6.0,2.0,2.0,Fair
247,27,Male,7.7,7.0,3.0,3.0,Good
248,27,Male,5.2,6.0,2.0,1.0,Poor
249,26,Male,7.6,7.0,1.0,4.0,Poor
250,26,Male,7.8,9.0,0.0,4.0,Poor
251,26,Male,7.3,7.0,2.0,4.0,Good
252,24,Female,6.3,6.0,3.0,1.0,Fair
253,27,Male,7.5,4.0,2.0,4.0,Good
254,27,Female,6.3,4.0,1.0,2.0,Fair
255,27,Female,5.1,3.0,2.0,3.0,Poor
256,27,Female,5.8,3.0,0.0,4.0,Poor
257,27,Male,5.1,6.0,3.0,1.0,Poor
258,27,Male,6.2,4.0,2.0,1.0,Fair
259,26,Female,7.0,7.0,0.0,1.0,Fair
260,27,Female,6.8,5.0,0.0,1.0,Fair
261,25,Female,5.7,5.0,3.0,4.0,Poor
262,24,Male,6.4,7.0,0.0,1.0,Fair
263,25,Male,7.6,3.0,3.0,3.0,Good
264,26,Female,7.1,9.0,1.0,1.0,Fair
266,25,Male,7.0,5.0,4.0,3.0,Good
267,26,Male,6.5,8.0,3.0,2.0,Fair
268,24,Female,7.0,4.0,1.0,2.0,Fair
269,25,Male,8.0,3.0,2.0,3.0,Good
270,25,Male,5.5,9.0,1.0,2.0,Fair
271,26,Male,6.0,7.0,2.0,3.0,Good
272,25,Male,7.0,6.0,3.0,1.0,Fair
273,23,Male,6.0,8.0,2.0,4.0,Good
274,25,Male,6.5,9.0,1.0,3.0,Poor
275,24,Male,5.0,7.0,3.0,4.0,Poor
276,26,Male,6.5,5.0,2.0,3.0,Good
277,23,Female,7.0,6.0,1.0,2.0,Fair
278,25,Male,5.0,4.0,4.0,2.0,Poor
279,26,Male,6.0,6.0,2.0,3.0,Good
280,27,Male,7.0,8.0,0.0,4.0,Poor
281,24,Male,5.5,7.0,2.0,1.0,Poor
282,25,Male,6.5,9.0,1.0,2.0,Fair
283,26,Male,6.0,6.0,3.0,3.0,Good
284,24,Female,6.0,5.0,0.0,4.0,Poor
285,21,Male,4.0,5.0,2.0,4.0,Poor
287,25,Male,8.0,3.0,2.0,2.0,Fair
288,25,Male,10.0,6.0,2.0,3.0,Good
289,20,Female,6.0,7.0,0.0,4.0,Poor
290,25,Female,6.5,8.0,2.0,2.0,Fair
291,26,Male,7.0,8.0,3.0,4.0,Good
293,26,Male,10.0,3.0,2.0,4.0,Good
294,24,Male,5.0,10.0,0.0,1.0,Poor
295,21,Male,6.0,6.0,1.0,2.0,Fair
296,23,Male,7.0,7.0,2.0,2.0,Fair
297,22,Male,5.0,7.0,1.0,4.0,Poor
298,22,Male,5.0,5.0,2.0,2.0,Fair
299,27,Male,9.0,9.0,0.0,4.0,Poor
300,22,Male,7.0,4.0,2.0,3.0,Good
301,19,Male,5.0,6.0,0.0,4.0,Poor
302,21,Male,7.5,3.0,1.0,1.0,Fair
303,22,Male,5.0,9.0,1.0,4.0,Poor
304,23,Male,6.0,6.0,3.0,4.0,Good
305,22,Male,7.0,8.0,1.0,2.0,Fair
306,22,Male,6.0,6.0,2.0,4.0,Good
307,21,Male,6.0,8.0,2.0,4.0,Good
308,22,Male,6.5,7.0,0.0,3.0,Poor
309,22,Male,6.5,6.0,2.0,4.0,Good
310,23,Male,6.0,6.0,0.0,4.0,Poor
311,21,Female,5.0,9.0,1.0,4.0,Poor
312,23,Male,6.5,7.0,1.0,4.0,Poor
313,23,Male,4.5,8.0,1.0,3.0,Poor
314,21,Female,5.5,6.0,1.0,4.0,Poor
316,24,Male,7.5,2.0,2.0,4.0,Good
317,21,Male,5.5,8.0,1.0,3.0,Poor
318,23,Female,7.5,10.0,1.0,2.0,Fair
319,22,Female,6.5,9.0,2.0,1.0,Fair
320,23,Male,7.0,2.0,2.0,2.0,Fair
321,23,Male,6.0,6.0,2.0,2.0,Fair
322,22,Male,6.5,5.0,1.0,4.0,Poor
323,22,Male,6.5,7.0,3.0,2.0,Fair
324,22,Male,6.0,8.0,1.0,4.0,Poor
325,22,Male,7.0,7.0,2.0,2.0,Fair
326,23,Male,8.0,4.0,1.0,1.0,Fair
327,26,Male,8.0,2.0,1.0,2.0,Fair
328,20,Female,6.5,8.0,0.0,4.0,Poor
329,23,Male,6.5,9.0,4.0,3.0,Good
330,21,Female,6.0,9.0,1.0,4.0,Poor
331,24,Male,6.0,4.0,1.0,2.0,Fair
332,24,Male,7.0,10.0,0.0,4.0,Poor
333,24,Male,6.5,4.0,2.0,4.0,Good
334,23,Male,6.0,4.0,2.0,4.0,Good
336,25,Male,6.5,5.0,2.0,3.0,Good
337,22,Female,5.0,7.0,0.0,2.0,Poor
338,22,Male,8.0,5.0,1.0,4.0,Poor
339,22,Male,6.0,3.0,2.0,4.0,Good
340,23,Male,7.0,7.0,2.0,4.0,Good
341,25,Female,8.0,1.0,0.0,4.0,Poor
342,24,Male,6.0,6.0,1.0,2.0,Fair
343,21,Male,4.5,6.0,3.0,4.0,Poor
344,24,Male,6.0,8.0,2.0,2.0,Fair
345,23,Male,6.0,7.0,1.0,2.0,Fair
346,24,Male,6.5,8.0,0.0,2.0,Fair
347,22,Male,6.5,1.0,1.0,4.0,Poor
348,21,Female,7.5,9.0,3.0,4.0,Good
349,25,Female,7.0,3.0,2.0,4.0,Good
350,20,Female,5.5,5.0,0.0,2.0,Poor
351,20,Male,4.0,9.0,2.0,4.0,Poor
352,19,Female,6.5,4.0,0.0,4.0,Poor
353,21,Male,6.5,3.0,3.0,4.0,Good
354,21,Male,8.0,1.0,3.0,4.0,Good
355,24,Male,6.0,5.0,2.0,4.0,Good
356,21,Male,7.0,7.0,2.0,4.0,Good
357,21,Male,7.5,9.0,3.0,4.0,Good
358,21,Male,5.0,5.0,0.0,4.0,Poor
359,25,Male,7.0,7.0,4.0,4.0,Good
360,22,Female,4.5,8.0,1.0,4.0,Poor
361,24,Male,7.0,7.0,3.0,2.0,Fair
362,26,Male,8.0,8.0,1.0,4.0,Poor
363,25,Male,7.0,3.0,1.0,4.0,Poor
364,26,Male,8.0,1.0,1.0,3.0,Poor
365,21,Female,4.5,6.0,1.0,4.0,Poor
366,25,Female,6.5,6.0,4.0,2.0,Fair
367,27,Male,8.0,8.0,0.0,2.0,Fair
368,20,Male,7.0,7.0,1.0,4.0,Poor
369,21,Female,8.0,6.0,0.0,4.0,Poor
370,19,Female,7.0,8.0,2.0,1.0,Fair
371,23,Male,7.0,5.0,0.0,1.0,Fair
372,26,Male,6.0,7.0,0.0,2.0,Fair
373,20,Male,6.5,7.0,3.0,4.0,Good
374,21,Male,6.0,7.0,1.0,2.0,Fair
375,21,Male,6.0,7.0,1.0,4.0,Poor
376,21,Male,6.0,4.0,1.0,4.0,Poor
377,20,Female,6.0,7.0,1.0,2.0,Fair
378,20,Male,6.0,9.0,2.0,2.0,Fair
379,21,Female,6.5,7.0,0.0,2.0,Fair
380,21,Male,6.5,6.0,0.0,4.0,Poor
381,21,Male,7.0,7.0,1.0,4.0,Poor
382,22,Male,7.0,7.0,3.0,3.0,Good
383,21,Male,6.5,7.0,1.0,1.0,Fair
384,22,Male,6.5,8.0,3.0,4.0,Good
385,23,Male,8.0,9.0,1.0,4.0,Poor
386,28,Male,5.0,1.0,3.0,1.0,Poor
387,20,Female,6.0,5.0,1.0,2.0,Fair
388,22,Female,6.0,5.0,0.0,4.0,Poor
389,20,Male,8.0,8.0,2.0,2.0,Fair
390,22,Male,5.5,6.0,2.0,1.0,Poor
391,25,Male,7.0,4.0,1.0,4.0,Poor
392,21,Male,8.0,6.0,0.0,4.0,Poor
393,34,Male,10.0,5.0,0.0,3.0,Poor
394,26,Male,7.0,6.0,1.0,1.0,Fair
395,19,Female,6.0,3.0,0.0,4.0,Poor
396,22,Female,5.0,10.0,2.0,2.0,Fair
397,23,Male,5.0,8.0,2.0,4.0,Poor
398,23,Female,6.5,5.0,1.0,4.0,Poor
399,19,Male,7.0,10.0,1.0,4.0,Poor
400,20,Male,7.0,5.0,1.0,4.0,Poor
401,23,Male,8.0,8.0,2.0,2.0,Fair
402,23,Male,7.0,3.0,2.0,3.0,Good
403,20,Female,5.0,7.0,2.0,4.0,Poor
404,21,Male,7.0,4.0,2.0,2.0,Fair
405,25,Male,7.5,10.0,3.0,4.0,Good
406,22,Male,8.0,8.0,0.0,2.0,Fair
407,20,Male,5.0,2.0,3.0,3.0,Poor
408,21,Male,6.0,4.0,2.0,4.0,Good
409,21,Male,6.0,5.0,0.0,2.0,Fair
410,20,Male,6.5,8.0,1.0,4.0,Poor
411,21,Male,7.0,7.0,0.0,3.0,Poor
412,20,Male,4.0,7.0,2.0,4.0,Poor
413,22,Male,6.0,7.0,1.0,4.0,Poor
414,26,Male,8.0,1.0,2.0,2.0,Fair
415,24,Male,7.0,8.0,2.0,2.0,Fair
416,22,Male,5.0,7.0,0.0,2.0,Poor
417,21,Male,5.0,7.0,2.0,2.0,Fair
418,26,Male,8.0,4.0,1.0,4.0,Poor
419,25,Male,7.0,7.0,2.0,4.0,Good
420,26,Male,6.0,7.0,0.0,3.0,Poor
421,26,Male,9.0,10.0,0.0,4.0,Poor
422,26,Male,8.0,4.0,2.0,3.0,Good
423,32,Male,7.0,6.0,2.0,2.0,Fair
424,26,Female,6.0,6.0,1.0,2.0,Fair
443,24,Female,7.0,4.0,2.0,3.0,Good
444,25,Male,6.0,5.0,3.0,2.0,Fair
445,27,Female,8.0,2.0,1.0,3.0,Poor
446,26,Male,5.0,9.0,0.0,1.0,Poor
447,25,Male,7.0,4.0,2.0,2.0,Fair
448,23,Female,6.5,6.0,1.0,4.0,Poor
449,25,Male,6.0,8.0,3.0,3.0,Good
450,26,Male,5.5,7.0,2.0,3.0,Poor
451,24,Male,7.0,3.0,0.0,2.0,Fair
452,25,Female,6.5,4.0,1.0,4.0,Poor
453,25,Male,6.0,6.0,3.0,2.0,Fair
455,26,Female,6.0,7.0,1.0,1.0,Fair
456,24,Male,6.5,4.0,3.0,2.0,Fair
457,25,Male,6.0,8.0,2.0,3.0,Good
458,23,Male,7.0,5.0,0.0,4.0,Poor
459,26,Male,5.0,9.0,1.0,1.0,Poor
460,25,Female,6.0,4.0,2.0,3.0,Good
461,24,Male,6.0,7.0,2.0,4.0,Good
463,27,Female,6.5,6.0,1.0,1.0,Fair
464,26,Male,6.0,8.0,0.0,3.0,Poor
465,25,Male,6.0,4.0,3.0,2.0,Fair
466,23,Male,5.5,7.0,2.0,4.0,Poor
468,25,Male,6.0,6.0,3.0,3.0,Good
469,26,Male,5.5,8.0,1.0,1.0,Poor
470,27,Male,6.0,7.0,0.0,3.0,Poor
471,24,Female,7.0,3.0,1.0,2.0,Fair
472,25,Male,6.0,5.0,2.0,3.0,Good
473,25,Male,6.5,6.0,3.0,4.0,Good
474,26,Female,6.0,7.0,2.0,2.0,Fair
475,23,Male,7.0,3.0,0.0,3.0,Poor
487,24,Male,6.0,5.0,2.0,2.0,Fair
494,25,Male,5.3,4.0,1.0,4.0,Poor
495,25,Male,5.7,9.0,1.0,4.0,Poor
496,25,Male,6.1,3.0,3.0,2.0,Fair
497,25,Female,6.6,5.0,0.0,4.0,Poor
498,25,Male,5.6,9.0,3.0,2.0,Poor
499,25,Male,5.8,5.0,1.0,3.0,Poor
500,25,Male,5.2,9.0,0.0,2.0,Poor
501,25,Male,5.1,8.0,3.0,1.0,Poor
502,25,Male,6.5,4.0,0.0,1.0,Fair
503,24,Male,6.9,7.0,1.0,1.0,Fair
504,25,Female,5.9,5.0,0.0,3.0,Poor
505,24,Male,6.6,9.0,3.0,2.0,Fair
506,25,Male,6.2,9.0,2.0,3.0,Good
507,25,Male,5.5,7.0,1.0,4.0,Poor
508,25,Male,6.2,7.0,1.0,4.0,Poor
509,24,Male,7.0,5.0,2.0,3.0,Good
510,24,Male,5.9,5.0,3.0,4.0,Poor
511,25,Male,7.0,7.0,0.0,3.0,Poor
512,25,Male,4.1,3.0,1.0,1.0,Poor
513,23,Male,6.5,7.0,2.0,3.0,Good
514,25,Male,6.0,8.0,0.0,4.0,Poor
515,26,Female,5.0,7.0,3.0,1.0,Poor
517,26,Male,7.0,4.0,2.0,4.0,Good
518,26,Female,6.0,7.0,3.0,4.0,Good
519,26,Female,6.0,8.0,2.0,2.0,Fair
520,26,Female,8.0,9.0,4.0,4.0,Good
521,24,Male,5.0,7.0,1.0,2.0,Fair
522,27,Male,6.0,8.0,2.0,4.0,Good
523,27,Female,8.0,6.0,3.0,4.0,Good
524,27,Female,8.0,3.0,3.0,2.0,Fair
525,27,Female,8.0,4.0,0.0,0.0,Fair
526,25,Male,7.0,9.0,0.0,4.0,Poor
527,27,Male,7.0,4.0,0.0,1.0,Fair
528,27,Male,7.0,9.0,1.0,1.0,Fair
529,26,Female,9.0,8.0,1.0,1.0,Fair
530,25,Male,9.0,3.0,2.0,1.0,Fair
531,25,Female,7.0,9.0,3.0,3.0,Good
532,26,Male,8.0,3.0,0.0,1.0,Fair
533,27,Male,8.0,9.0,0.0,1.0,Fair
534,26,Female,8.0,7.0,2.0,2.0,Fair
535,25,Female,9.0,9.0,0.0,3.0,Poor
536,26,Male,9.0,6.0,4.0,4.0,Good
537,27,Female,7.0,7.0,0.0,4.0,Poor
538,27,Female,9.0,9.0,1.0,3.0,Poor
539,25,Male,8.0,8.0,1.0,0.0,Fair
540,25,Female,9.0,7.0,3.0,2.0,Fair
541,25,Male,7.0,6.0,0.0,3.0,Poor
542,25,Female,9.0,4.0,4.0,1.0,Fair
543,26,Male,9.0,4.0,4.0,0.0,Fair
544,26,Female,8.0,7.0,3.0,2.0,Fair
545,26,Female,9.0,5.0,4.0,0.0,Fair
546,27,Female,6.0,5.0,1.0,2.0,Fair
547,27,Male,8.0,8.0,4.0,3.0,Good
548,26,Female,9.0,6.0,1.0,2.0,Fair
549,26,Female,6.0,8.0,1.0,4.0,Poor
550,26,Male,6.0,5.0,0.0,2.0,Fair
551,26,Female,6.0,7.0,4.0,0.0,Fair
552,25,Male,8.0,6.0,2.0,3.0,Good
553,25,Female,6.0,8.0,2.0,3.0,Good
554,26,Male,8.0,4.0,0.0,1.0,Fair
555,26,Female,9.0,4.0,3.0,2.0,Fair
556,27,Female,9.0,8.0,3.0,0.0,Fair
557,25,Female,6.0,8.0,2.0,4.0,Good
558,27,Female,7.0,7.0,2.0,0.0,Fair
559,27,Female,9.0,9.0,2.0,3.0,Good
560,26,Male,7.0,6.0,0.0,2.0,Fair
561,26,Male,8.0,6.0,3.0,2.0,Fair
562,26,Female,6.0,4.0,2.0,4.0,Good
563,27,Female,9.0,6.0,0.0,1.0,Fair
564,26,Female,7.0,6.0,3.0,4.0,Good
565,27,Female,9.0,8.0,0.0,1.0,Fair
566,27,Male,9.0,7.0,3.0,4.0,Good
567,27,Male,8.0,7.0,3.0,2.0,Fair
568,27,Male,9.0,5.0,2.0,1.0,Fair
569,26,Male,6.0,6.0,2.0,4.0,Good
570,27,Female,9.0,8.0,4.0,0.0,Fair
571,26,Female,7.0,4.0,0.0,2.0,Fair
572,25,Male,8.0,8.0,0.0,3.0,Poor
573,26,Male,6.0,7.0,4.0,0.0,Fair
574,27,Female,7.0,4.0,3.0,3.0,Good
575,26,Female,7.0,9.0,3.0,3.0,Good
576,26,Female,9.0,8.0,2.0,1.0,Fair
577,25,Male,6.0,8.0,0.0,1.0,Fair
578,25,Male,7.0,8.0,4.0,0.0,Fair
579,25,Male,9.0,6.0,2.0,1.0,Fair
580,25,Male,9.0,9.0,4.0,2.0,Fair
581,26,Male,6.0,6.0,0.0,0.0,Fair
582,27,Male,7.0,7.0,2.0,2.0,Fair
583,27,Female,8.0,4.0,2.0,3.0,Good
584,25,Female,7.0,6.0,0.0,3.0,Poor
586,27,Female,9.0,3.0,0.0,1.0,Fair
587,25,Female,8.0,4.0,0.0,1.0,Fair
588,27,Male,7.0,8.0,0.0,0.0,Fair
589,27,Male,6.0,3.0,0.0,1.0,Fair
590,26,Female,6.0,6.0,2.0,0.0,Fair
591,26,Female,8.0,8.0,3.0,2.0,Fair
592,25,Female,8.0,6.0,1.0,2.0,Fair
593,25,Male,6.0,5.0,4.0,0.0,Fair
594,27,Female,6.0,6.0,3.0,3.0,Good
595,27,Female,7.0,6.0,4.0,4.0,Good
596,26,Male,6.0,6.0,3.0,4.0,Good
597,26,Male,6.0,9.0,4.0,0.0,Fair
598,25,Female,7.0,8.0,4.0,4.0,Good
600,25,Female,9.0,4.0,2.0,3.0,Good
601,26,Male,7.0,3.0,2.0,2.0,Fair
602,25,Male,6.0,4.0,2.0,4.0,Good
603,27,Female,9.0,8.0,4.0,3.0,Good
604,27,Male,9.0,5.0,3.0,0.0,Fair
605,26,Female,8.0,6.0,0.0,0.0,Fair
606,27,Male,9.0,9.0,1.0,4.0,Poor
607,27,Male,9.0,9.0,3.0,0.0,Fair
608,27,Male,7.0,6.0,0.0,0.0,Fair
609,25,Female,8.0,5.0,3.0,4.0,Good
610,25,Female,9.0,6.0,3.0,3.0,Good
611,25,Male,9.0,4.0,0.0,1.0,Fair
612,25,Male,9.0,5.0,3.0,0.0,Fair
613,26,Male,9.0,6.0,2.0,3.0,Good
614,25,Female,9.0,8.0,4.0,4.0,Good
615,26,Male,7.0,9.0,2.0,1.0,Fair
616,27,Female,6.0,4.0,0.0,3.0,Poor
617,25,Female,7.0,5.0,4.0,2.0,Fair
618,27,Female,8.0,6.0,2.0,3.0,Good
619,27,Female,7.0,3.0,3.0,1.0,Fair
620,26,Male,7.0,4.0,2.0,1.0,Fair
621,26,Male,6.0,4.0,0.0,4.0,Poor
622,27,Female,8.0,3.0,1.0,3.0,Poor
639,24,Female,6.0,8.0,2.0,2.0,Fair
653,25,Male,6.0,9.0,3.0,4.0,Good
661,25,Male,7.0,5.0,2.0,4.0,Good
662,24,Male,6.0,9.0,2.0,3.0,Good
663,25,Male,8.0,3.0,4.0,4.0,Good
678,25,Male,6.0,7.0,3.0,4.0,Good
682,25,Male,6.0,8.0,2.0,4.0,Good
707,23,Male,6.0,8.0,1.0,2.0,Fair
708,23,Male,5.0,9.0,0.0,3.0,Poor
710,24,Male,6.0,4.0,3.0,2.0,Fair
711,30,Male,5.0,5.0,2.0,4.0,Poor
712,39,Female,6.0,5.0,3.0,4.0,Good
713,25,Male,6.0,8.0,1.0,2.0,Fair
714,25,Male,5.0,5.0,1.0,3.0,Poor
715,25,Male,5.0,3.0,0.0,2.0,Poor
716,25,Male,5.0,3.0,1.0,1.0,Poor
717,25,Male,6.0,9.0,0.0,3.0,Poor
720,25,Male,8.0,9.0,2.0,2.0,Fair
721,25,Male,6.0,9.0,0.0,2.0,Fair
722,32,Male,7.0,8.0,1.0,3.0,Poor
723,35,Male,5.0,8.0,2.0,2.0,Fair
724,27,Male,6.0,7.0,2.0,3.0,Good
725,20,Male,6.0,5.0,3.0,2.0,Fair
726,24,Male,5.0,7.0,3.0,2.0,Poor
727,25,Male,6.0,9.0,0.0,1.0,Fair
728,28,Male,6.0,6.0,0.0,3.0,Poor
729,30,Male,6.0,7.0,3.0,4.0,Good
730,30,Female,5.0,3.0,0.0,4.0,Poor
731,33,Male,6.0,7.0,2.0,4.0,Good
732,33,Male,6.0,7.0,2.0,3.0,Good
733,33,Male,6.0,3.0,1.0,2.0,Fair
734,32,Male,6.0,5.0,3.0,2.0,Fair
735,25,Male,6.0,5.0,3.0,1.0,Fair
736,25,Male,5.0,5.0,3.0,1.0,Poor
739,25,Male,8.0,7.0,2.0,2.0,Fair
740,25,Male,6.0,5.0,3.0,3.0,Good
741,25,Male,5.0,3.0,0.0,3.0,Poor
744,25,Male,5.0,8.0,1.0,3.0,Poor
747,25,Male,6.0,9.0,2.0,4.0,Good
748,26,Male,6.0,7.0,3.0,2.0,Fair
749,24,Male,6.0,7.0,0.0,3.0,Poor
750,27,Male,6.0,7.0,1.0,2.0,Fair
751,24,Male,6.0,9.0,0.0,1.0,Fair
752,24,Male,5.0,3.0,1.0,2.0,Fair
753,24,Male,5.0,9.0,3.0,3.0,Poor
754,24,Female,6.0,4.0,2.0,1.0,Fair
755,25,Male,6.0,6.0,0.0,2.0,Fair
756,25,Male,5.0,9.0,3.0,2.0,Poor
757,25,Male,6.0,3.0,2.0,2.0,Fair
758,25,Male,6.0,8.0,0.0,2.0,Fair
759,25,Male,6.0,3.0,0.0,3.0,Poor
760,25,Male,6.0,9.0,2.0,1.0,Fair
762,25,Male,6.0,5.0,3.0,4.0,Good
766,25,Male,6.0,6.0,1.0,4.0,Poor
767,23,Male,6.0,9.0,3.0,3.0,Good
769,25,Male,6.0,7.0,1.0,1.0,Fair
770,23,Male,5.0,6.0,3.0,3.0,Poor
772,24,Male,6.0,9.0,2.0,2.0,Fair
773,25,Male,5.0,9.0,3.0,1.0,Poor
776,25,Male,6.0,5.0,0.0,3.0,Poor
777,25,Male,5.0,4.0,0.0,3.0,Poor
778,26,Male,6.0,6.0,2.0,1.0,Fair
779,24,Male,6.0,8.0,1.0,1.0,Fair
780,25,Male,5.0,3.0,3.0,1.0,Poor
781,25,Male,6.0,7.0,0.0,2.0,Fair
782,26,Male,6.0,4.0,2.0,2.0,Fair
783,25,Male,5.0,3.0,3.0,3.0,Poor
785,25,Male,5.0,7.0,2.0,1.0,Poor
787,25,Male,5.0,7.0,2.0,2.0,Fair
788,29,Male,6.0,8.0,3.0,3.0,Good
789,29,Male,6.0,7.0,0.0,2.0,Fair
790,29,Female,6.0,5.0,2.0,2.0,Fair
791,29,Male,6.0,5.0,2.0,2.0,Fair
792,26,Male,6.0,9.0,3.0,2.0,Fair
793,26,Male,6.0,7.0,0.0,1.0,Fair
794,31,Male,5.0,5.0,1.0,4.0,Poor
795,31,Male,8.0,8.0,1.0,2.0,Fair
796,31,Male,6.0,7.0,3.0,1.0,Fair
797,27,Male,5.0,9.0,1.0,2.0,Fair
798,24,Male,5.0,8.0,1.0,3.0,Poor
799,22,Male,6.0,5.0,0.0,2.0,Fair
800,67,Male,6.0,9.0,0.0,2.0,Fair
801,22,Male,6.0,7.0,1.0,1.0,Fair
802,65,Male,5.0,9.0,1.0,4.0,Poor
804,70,Male,5.0,8.0,3.0,4.0,Poor
805,22,Male,6.0,5.0,1.0,1.0,Fair
806,26,Male,5.0,8.0,0.0,3.0,Poor
807,25,Female,6.0,6.0,1.0,2.0,Fair
808,26,Male,6.0,8.0,2.0,3.0,Good
809,24,Male,7.0,4.0,1.0,2.0,Fair
811,23,Female,5.0,7.0,0.0,2.0,Poor
812,27,Male,6.0,5.0,2.0,4.0,Good
813,25,Male,6.0,8.0,1.0,3.0,Poor
814,24,Male,7.0,6.0,2.0,2.0,Fair
815,26,Male,6.0,7.0,3.0,3.0,Good
816,25,Male,6.0,5.0,1.0,4.0,Poor
817,23,Male,5.0,6.0,0.0,3.0,Poor
818,27,Male,6.0,9.0,2.0,2.0,Fair
819,24,Female,7.0,4.0,1.0,3.0,Poor
820,25,Male,6.0,8.0,3.0,2.0,Fair
821,26,Male,6.0,7.0,1.0,4.0,Poor
822,23,Male,5.0,6.0,2.0,3.0,Poor
823,27,Male,6.0,5.0,3.0,2.0,Fair
824,24,Male,7.0,8.0,1.0,3.0,Poor
827,23,Female,5.0,7.0,1.0,2.0,Fair
828,27,Male,6.0,8.0,2.0,3.0,Good
829,24,Male,7.0,5.0,3.0,2.0,Fair
832,23,Male,5.0,7.0,0.0,2.0,Poor
833,27,Male,6.0,5.0,1.0,3.0,Poor
834,24,Female,7.0,6.0,2.0,4.0,Good
836,26,Male,6.0,7.0,1.0,3.0,Poor
837,23,Male,5.0,6.0,2.0,4.0,Poor
838,25,Male,8.0,1.0,4.0,4.0,Good
839,25,Male,7.0,2.0,3.0,3.0,Good
858,49,Male,4.0,10.0,0.0,8.0,Poor
859,37,Other,10.0,5.0,4.0,3.0,Good
860,21,Male,8.0,4.0,7.0,1.0,Fair
861,58,Male,8.0,9.0,2.0,8.0,Good
862,48,Other,10.0,9.0,3.0,5.0,Good
863,35,Male,6.0,6.0,5.0,5.0,Good
864,47,Other,6.0,5.0,5.0,3.0,Good
865,31,Female,10.0,10.0,3.0,9.0,Good
866,30,Male,10.0,8.0,4.0,3.0,Good
867,43,Male,10.0,2.0,3.0,4.0,Good
868,31,Other,6.0,2.0,3.0,3.0,Good
869,53,Other,6.0,5.0,4.0,1.0,Fair
870,56,Male,8.0,8.0,3.0,8.0,Good
871,47,Male,8.0,10.0,4.0,10.0,Good
872,35,Female,9.0,8.0,7.0,6.0,Good
873,32,Female,4.0,5.0,3.0,4.0,Poor
874,42,Other,4.0,2.0,4.0,2.0,Poor
875,41,Male,10.0,1.0,7.0,8.0,Good
876,28,Other,5.0,5.0,0.0,10.0,Poor
877,31,Male,5.0,10.0,4.0,1.0,Poor
878,40,Other,9.0,6.0,2.0,1.0,Fair
879,48,Male,8.0,4.0,4.0,5.0,Good
880,59,Female,10.0,4.0,1.0,2.0,Fair
881,50,Other,7.0,7.0,6.0,9.0,Good
882,59,Male,5.0,4.0,0.0,6.0,Poor
883,54,Other,8.0,7.0,1.0,2.0,Fair
884,60,Male,9.0,2.0,0.0,10.0,Poor
885,41,Male,5.0,8.0,4.0,3.0,Poor
886,46,Other,9.0,1.0,7.0,8.0,Good
887,52,Other,8.0,5.0,7.0,1.0,Fair
888,46,Male,6.0,3.0,3.0,7.0,Good
889,46,Other,8.0,5.0,2.0,7.0,Good
890,51,Female,9.0,2.0,0.0,7.0,Poor
891,35,Other,6.0,4.0,2.0,10.0,Good
892,39,Male,8.0,2.0,6.0,1.0,Fair
893,52,Male,4.0,9.0,2.0,1.0,Poor
894,36,Female,7.0,3.0,4.0,2.0,Fair
895,43,Male,7.0,5.0,4.0,3.0,Good
896,38,Other,8.0,3.0,0.0,2.0,Fair
897,24,Male,4.0,7.0,3.0,4.0,Poor
898,37,Female,4.0,6.0,3.0,6.0,Poor
899,23,Other,10.0,5.0,7.0,7.0,Good
900,39,Other,10.0,8.0,2.0,8.0,Good
901,53,Other,6.0,10.0,7.0,5.0,Good
902,34,Female,9.0,9.0,4.0,3.0,Good
903,46,Other,8.0,2.0,6.0,10.0,Good
904,53,Male,4.0,6.0,6.0,9.0,Poor
905,58,Male,5.0,8.0,2.0,3.0,Poor
906,21,Female,10.0,9.0,0.0,1.0,Fair
907,33,Other,4.0,7.0,6.0,2.0,Poor
908,54,Other,6.0,3.0,5.0,4.0,Good
909,42,Other,6.0,6.0,7.0,8.0,Good
910,32,Other,6.0,7.0,3.0,1.0,Fair
911,33,Female,10.0,7.0,5.0,9.0,Good
912,54,Male,8.0,6.0,0.0,10.0,Poor
913,45,Female,4.0,9.0,5.0,3.0,Poor
914,59,Female,6.0,9.0,4.0,2.0,Fair
915,50,Female,6.0,2.0,0.0,7.0,Poor
916,49,Female,9.0,10.0,0.0,5.0,Poor
917,37,Female,5.0,1.0,3.0,1.0,Poor
918,22,Female,9.0,3.0,3.0,7.0,Good
919,53,Other,4.0,10.0,1.0,3.0,Poor
920,28,Male,4.0,5.0,3.0,3.0,Poor
921,40,Male,5.0,9.0,4.0,8.0,Poor
922,60,Female,5.0,10.0,7.0,4.0,Poor
923,25,Female,8.0,9.0,5.0,5.0,Good
924,51,Female,10.0,2.0,0.0,8.0,Poor
925,54,Female,6.0,8.0,5.0,4.0,Good
926,34,Other,7.0,2.0,2.0,1.0,Fair
927,44,Other,4.0,10.0,0.0,10.0,Poor
928,26,Female,10.0,9.0,0.0,9.0,Poor
929,50,Female,10.0,1.0,7.0,9.0,Good
930,53,Female,7.0,10.0,7.0,6.0,Good
931,46,Male,9.0,9.0,0.0,5.0,Poor
932,27,Male,10.0,4.0,3.0,9.0,Good
933,46,Male,10.0,10.0,4.0,6.0,Good
934,41,Other,6.0,6.0,5.0,2.0,Fair
935,44,Other,8.0,10.0,2.0,4.0,Good
936,26,Female,9.0,10.0,0.0,1.0,Fair
937,39,Male,10.0,7.0,3.0,9.0,Good
938,35,Female,4.0,8.0,4.0,7.0,Poor
939,46,Female,6.0,1.0,4.0,1.0,Fair
940,20,Other,5.0,5.0,0.0,8.0,Poor
941,32,Male,8.0,7.0,3.0,8.0,Good
942,45,Other,8.0,5.0,6.0,3.0,Good
943,40,Male,6.0,5.0,3.0,10.0,Good
944,29,Female,7.0,8.0,2.0,8.0,Good
945,46,Female,8.0,1.0,4.0,8.0,Good
946,41,Female,5.0,5.0,3.0,6.0,Poor
947,47,Other,5.0,5.0,7.0,3.0,Poor
948,43,Male,5.0,5.0,4.0,10.0,Poor
949,41,Female,8.0,2.0,2.0,3.0,Good
950,26,Male,6.0,6.0,2.0,9.0,Good
951,38,Other,4.0,5.0,2.0,7.0,Poor
952,22,Female,9.0,6.0,4.0,9.0,Good
953,29,Other,9.0,7.0,0.0,1.0,Fair
954,50,Other,8.0,4.0,7.0,6.0,Good
955,33,Male,7.0,9.0,7.0,7.0,Good
956,58,Other,4.0,2.0,3.0,10.0,Poor
957,51,Male,5.0,6.0,3.0,1.0,Poor
958,36,Male,5.0,3.0,0.0,4.0,Poor
959,29,Male,8.0,2.0,4.0,2.0,Fair
960,35,Male,8.0,9.0,3.0,2.0,Fair
961,34,Male,5.0,10.0,4.0,0.0,Poor
962,34,Female,8.0,6.0,0.0,3.0,Poor
963,38,Female,6.0,5.0,3.0,3.0,Good
964,31,Female,7.0,3.0,4.0,4.0,Good
965,39,Male,7.0,8.0,3.0,0.0,Fair
967,24,Male,4.0,2.0,1.0,3.0,Poor
968,38,Female,9.0,6.0,4.0,0.0,Fair
969,26,Male,5.0,7.0,3.0,3.0,Poor
970,28,Male,4.0,2.0,0.0,4.0,Poor
971,26,Female,3.0,10.0,4.0,2.0,Poor
972,37,Male,7.0,2.0,1.0,1.0,Fair
973,23,Female,8.0,6.0,1.0,4.0,Poor
974,33,Female,3.0,1.0,4.0,4.0,Poor
975,37,Female,7.0,8.0,3.0,2.0,Fair
976,28,Male,5.0,1.0,1.0,3.0,Poor
977,21,Male,8.0,9.0,3.0,0.0,Fair
978,39,Male,4.0,6.0,1.0,3.0,Poor
979,34,Male,8.0,7.0,1.0,2.0,Fair
980,26,Male,6.0,10.0,2.0,4.0,Good
981,31,Male,10.0,7.0,1.0,3.0,Poor
982,27,Male,4.0,10.0,0.0,4.0,Poor
983,34,Female,5.0,3.0,4.0,0.0,Poor
984,22,Male,4.0,2.0,4.0,4.0,Poor
985,33,Female,9.0,9.0,3.0,4.0,Good
986,36,Male,9.0,8.0,1.0,1.0,Fair
987,23,Male,5.0,10.0,0.0,1.0,Poor
988,37,Male,8.0,7.0,3.0,1.0,Fair
989,27,Female,9.0,9.0,2.0,4.0,Good
990,23,Female,7.0,4.0,3.0,2.0,Fair
991,21,Female,7.0,4.0,3.0,4.0,Good
992,25,Female,5.0,1.0,1.0,2.0,Fair
993,29,Male,4.0,8.0,2.0,2.0,Fair
994,23,Female,9.0,3.0,3.0,1.0,Fair
995,37,Male,9.0,7.0,0.0,3.0,Poor
996,31,Male,7.0,2.0,0.0,0.0,Fair
997,21,Female,5.0,2.0,4.0,1.0,Poor
998,29,Female,5.0,7.0,2.0,1.0,Poor
999,23,Female,8.0,6.0,2.0,3.0,Good
1000,33,Female,9.0,3.0,4.0,0.0,Fair
1001,35,Female,9.0,9.0,3.0,4.0,Good
1002,34,Female,8.0,10.0,2.0,4.0,Good
1003,27,Female,7.0,6.0,0.0,1.0,Fair
1004,33,Female,4.0,9.0,0.0,0.0,Poor
1005,27,Male,4.0,6.0,1.0,1.0,Poor
1006,35,Female,9.0,6.0,2.0,2.0,Fair
1007,32,Female,7.0,1.0,3.0,1.0,Fair
1008,37,Male,3.0,4.0,4.0,1.0,Poor
1009,34,Female,4.0,10.0,4.0,4.0,Poor
1010,32,Male,8.0,6.0,3.0,4.0,Good
1011,28,Male,3.0,6.0,1.0,4.0,Poor
1012,34,Female,4.0,5.0,4.0,2.0,Poor
1013,32,Male,7.0,1.0,2.0,4.0,Good
1014,20,Male,8.0,8.0,1.0,2.0,Fair
1015,26,Male,8.0,5.0,2.0,3.0,Good
1016,28,Male,5.0,5.0,0.0,0.0,Poor
1017,20,Female,8.0,7.0,1.0,3.0,Poor
1018,31,Male,5.0,4.0,4.0,4.0,Poor
1019,27,Female,5.0,6.0,1.0,3.0,Poor
1021,38,Male,8.0,3.0,1.0,3.0,Poor
1022,36,Male,9.0,7.0,1.0,2.0,Fair
1023,27,Male,8.0,8.0,2.0,4.0,Good
1024,22,Female,7.0,4.0,0.0,3.0,Poor
1025,22,Female,4.0,2.0,3.0,2.0,Poor
1026,20,Male,6.0,10.0,1.0,1.0,Fair
1027,24,Male,5.0,3.0,4.0,1.0,Poor
1028,29,Female,5.0,1.0,1.0,2.0,Fair
1029,26,Male,10.0,8.0,4.0,2.0,Fair
1030,28,Male,6.0,3.0,2.0,4.0,Good
1031,26,Male,9.0,10.0,4.0,4.0,Good
1032,28,Female,7.0,7.0,3.0,1.0,Fair
1033,27,Female,9.0,10.0,0.0,3.0,Poor
1034,31,Female,7.0,5.0,4.0,1.0,Fair
1035,21,Male,7.0,8.0,4.0,3.0,Good
1036,20,Male,6.0,5.0,0.0,3.0,Poor
1037,35,Female,4.0,7.0,3.0,4.0,Poor
1038,24,Male,8.0,9.0,1.0,2.0,Fair
1040,25,Male,4.0,6.0,1.0,1.0,Poor
1041,28,Male,2.0,9.0,3.0,2.0,Poor
1042,26,Male,7.0,4.0,0.0,0.0,Fair
1043,30,Female,7.0,6.0,0.0,0.0,Fair
1044,18,Female,6.0,8.0,1.0,1.0,Fair
1045,32,Male,6.0,8.0,1.0,0.0,Fair
1046,18,Male,7.0,4.0,0.0,1.0,Fair
1047,28,Female,6.0,7.0,2.0,1.0,Fair
1048,26,Male,7.0,5.0,1.0,2.0,Fair
1049,24,Female,8.0,3.0,0.0,0.0,Fair
1050,25,Male,7.0,6.0,1.0,2.0,Fair
1051,25,Male,6.0,7.0,1.0,3.0,Poor
1052,24,Male,6.0,7.0,1.0,0.0,Fair
